{"lat_max": 34.05579460696701, "x_rotation": 0.0, "east_min": -368334.0655201413, "n_rows": 2197, "east_max": 868665.9344798587, "upper_left_x": -368334.0655201413, "lon_min": 78.4860095977793, "y_res_m": 500.0, "y_rotation": 0.0, "north_min": 2677044.3200867064, "lon_max": 90.99354408576976, "north_max": 3775544.3200867064, "upper_left_y": 3775544.3200867064, "lat_min": 23.96819102557579, "n_cols": 2474, "x_res_m": 500.0}